model,mae,rmse,r2
Ridge Regression,0.011913847575578552,0.016283672137647948,0.6219169273893536
Random Forest,0.021670197008407485,0.028562602042741397,-0.16326342310021458
Linear Regression,0.030330891414487315,0.0563480901450166,-3.527317328401513
